{"epoch": 199, "learning rate": 3.125e-06, "test_fine_f1": 0.8784877653451849, "test_fine_acc": 0.8695652173913043, "test_coarse_f1": null, "training_coarse_f1": null, "training_coarse_loss": null, "training_fine_acc": 0.9668938656280428, "training_fine_f1": 0.9725377386571417, "training_loss": 1.9240275621414185, "validation_coarse_f1": null, "validation_loss": 2.0201053619384766, "validation_coarse_loss": null, "validation_fine_f1": 0.9118773318635095, "_runtime": 2851, "_timestamp": 1642736155, "_step": 1194, "loss": 0.10387428104877472, "batch": 999, "loss_fine": 0.0993187353014946, "lambda_fine": 1, "loss_layer4": 0.04555546119809151, "lambda_layer4": 0.1, "nonzerotriplets_layer4": 350}