{"epoch": 119, "learning rate": 1.5625e-05, "test_fine_f1": 0.7691078126523653, "test_fine_acc": 0.7732919254658385, "test_coarse_f1": null, "training_coarse_f1": null, "training_coarse_loss": null, "training_fine_acc": 0.8490749756572541, "training_fine_f1": 0.8497855126458698, "training_loss": 2.0279126167297363, "validation_coarse_f1": null, "validation_loss": 2.100839614868164, "validation_coarse_loss": null, "validation_fine_f1": 0.7739043739736906, "_runtime": 927, "_timestamp": 1642644315, "_step": 1190, "loss": 0.015972020104527473, "batch": 1079, "loss_fine": 0.015972020104527473, "lambda_fine": 1}