{"epoch": 199, "learning rate": 3.90625e-07, "test_fine_f1": 0.8477528508942668, "test_fine_acc": 0.84472049689441, "test_coarse_f1": null, "training_coarse_f1": null, "training_coarse_loss": null, "training_fine_acc": 0.9152872444011685, "training_fine_f1": 0.9178679859081893, "training_loss": 1.9678049087524414, "validation_coarse_f1": null, "validation_loss": 2.061495542526245, "validation_coarse_loss": null, "validation_fine_f1": 0.8347387831024273, "_runtime": 2079, "_timestamp": 1642732369, "_step": 1194, "loss": 0.14104652404785156, "batch": 999, "loss_fine": 0.14104652404785156, "lambda_fine": 1}