{"epoch": 119, "learning rate": 3.125e-05, "test_fine_f1": 0.8261283243005558, "test_fine_acc": 0.8509316770186336, "test_coarse_f1": null, "training_coarse_f1": null, "training_coarse_loss": null, "training_fine_acc": 0.824732229795521, "training_fine_f1": 0.8029194494799292, "training_loss": 2.200179100036621, "validation_coarse_f1": null, "validation_loss": 2.2385449409484863, "validation_coarse_loss": null, "validation_fine_f1": 0.8711112770104931, "_runtime": 2399, "_timestamp": 1642643561, "_step": 2142, "loss": 0.02743113785982132, "batch": 2039, "loss_fine": 0.02743113785982132, "lambda_fine": 1, "loss_layer2": 0.0, "lambda_layer2": 1, "nonzerotriplets_layer2": 1, "loss_layer4": 0.0, "lambda_layer4": 1, "nonzerotriplets_layer4": 1}