{"epoch": 119, "learning rate": 5e-05, "test_fine_f1": 0.9532356512641307, "test_fine_acc": 0.9503105590062112, "test_coarse_f1": null, "training_coarse_f1": null, "training_coarse_loss": null, "training_fine_acc": 1.0, "training_fine_f1": 1.0, "training_loss": 1.9425580501556396, "validation_coarse_f1": null, "validation_loss": 2.015928268432617, "validation_coarse_loss": null, "validation_fine_f1": 0.9606312428590277, "_runtime": 1802, "_timestamp": 1642662761, "_step": 1190, "loss": 0.11229600012302399, "batch": 1079, "loss_fine": 0.09465121477842331, "lambda_fine": 1, "loss_layer2": 0.0, "lambda_layer2": 1, "nonzerotriplets_layer2": 1, "loss_layer4": 0.01764478161931038, "lambda_layer4": 1, "nonzerotriplets_layer4": 81}