{"epoch": 119, "learning rate": 0.05, "test_fine_f1": 0.525080376063514, "test_fine_acc": 0.5403726708074534, "test_coarse_f1": null, "training_coarse_f1": null, "training_coarse_loss": null, "training_fine_acc": 0.6056475170399221, "training_fine_f1": 0.5815630152811694, "training_loss": 2.2685670852661133, "validation_coarse_f1": null, "validation_loss": 2.3403725624084473, "validation_coarse_loss": null, "validation_fine_f1": 0.524419183022469, "_runtime": 1787, "_timestamp": 1642652129, "_step": 1190, "loss": 1.2417296171188354, "batch": 1079, "loss_fine": 0.0014770441921427846, "lambda_fine": 1, "loss_layer2": 0.0, "lambda_layer2": 1, "nonzerotriplets_layer2": 1, "loss_layer4": 1.2402526140213013, "lambda_layer4": 1, "nonzerotriplets_layer4": 310}