{"epoch": 119, "learning rate": 0.0005, "test_fine_f1": 0.9683447852700549, "test_fine_acc": 0.9627329192546584, "test_coarse_f1": null, "training_coarse_f1": null, "training_coarse_loss": null, "training_fine_acc": 0.9230769230769231, "training_fine_f1": 0.9284807824435195, "training_loss": 1.9162942171096802, "validation_coarse_f1": null, "validation_loss": 1.9721534252166748, "validation_coarse_loss": null, "validation_fine_f1": 0.9703757469700718, "_runtime": 1674, "_timestamp": 1642645243, "_step": 595, "loss": 0.42232272028923035, "batch": 479, "loss_fine": 0.005133799277245998, "lambda_fine": 1, "loss_layer2": 0.0, "lambda_layer2": 1, "nonzerotriplets_layer2": 1, "loss_layer4": 0.4171889126300812, "lambda_layer4": 1, "nonzerotriplets_layer4": 279}