{"epoch": 119, "learning rate": 0.000125, "test_fine_f1": 0.9717485040259227, "test_fine_acc": 0.9658385093167702, "test_coarse_f1": null, "training_coarse_f1": null, "training_coarse_loss": null, "training_fine_acc": 0.9951314508276533, "training_fine_f1": 0.995999857137755, "training_loss": 1.8743997812271118, "validation_coarse_f1": null, "validation_loss": 1.9430866241455078, "validation_coarse_loss": null, "validation_fine_f1": 0.9732003434422029, "_runtime": 1621, "_timestamp": 1642648509, "_step": 595, "loss": 0.06880262494087219, "batch": 479, "loss_fine": 0.011250458657741547, "lambda_fine": 1, "loss_layer2": 0.0, "lambda_layer2": 1, "nonzerotriplets_layer2": 1, "loss_layer4": 0.05755216255784035, "lambda_layer4": 1, "nonzerotriplets_layer4": 122}