{"epoch": 199, "learning rate": 3.125e-06, "test_fine_f1": 0.903060907023417, "test_fine_acc": 0.8944099378881988, "test_coarse_f1": null, "training_coarse_f1": null, "training_coarse_loss": null, "training_fine_acc": 0.9785783836416748, "training_fine_f1": 0.9823877654770047, "training_loss": 1.911535382270813, "validation_coarse_f1": null, "validation_loss": 2.00681209564209, "validation_coarse_loss": null, "validation_fine_f1": 0.9276573516147429, "_runtime": 3082, "_timestamp": 1642736621, "_step": 1194, "loss": 0.09006842970848083, "batch": 999, "loss_fine": 0.08423104882240295, "lambda_fine": 1, "loss_layer2": 0.0, "lambda_layer2": 0.1, "nonzerotriplets_layer2": 1, "loss_layer4": 0.05837378278374672, "lambda_layer4": 0.1, "nonzerotriplets_layer4": 315}