{"epoch": 0, "learning rate": 0.001, "test_fine_f1": null, "test_fine_acc": null, "test_coarse_f1": null, "training_coarse_f1": null, "training_coarse_loss": null, "training_fine_acc": 0.034079844206426485, "training_fine_f1": 0.02204032528168443, "training_loss": 2.711467981338501, "validation_coarse_f1": null, "validation_loss": 2.7112815380096436, "validation_coarse_loss": null, "validation_fine_f1": 0.028090589025548375, "_runtime": 10, "_timestamp": 1642636297, "_step": 0}