{"epoch": 119, "learning rate": 0.0005, "test_fine_f1": 0.9568970954009142, "test_fine_acc": 0.9503105590062112, "test_coarse_f1": null, "training_coarse_f1": null, "training_coarse_loss": null, "training_fine_acc": 0.9990262901655307, "training_fine_f1": 0.999196066468076, "training_loss": 1.9040731191635132, "validation_coarse_f1": null, "validation_loss": 1.9463310241699219, "validation_coarse_loss": null, "validation_fine_f1": 0.95754707350323, "_runtime": 1717, "_timestamp": 1642656069, "_step": 1190, "loss": 0.00689415168017149, "batch": 1079, "loss_fine": 0.006709785666316748, "lambda_fine": 1, "loss_layer2": 0.0, "lambda_layer2": 0.01, "nonzerotriplets_layer2": 1, "loss_layer4": 0.018436621874570847, "lambda_layer4": 0.01, "nonzerotriplets_layer4": 167}