{"epoch": 119, "learning rate": 7.8125e-06, "test_fine_f1": 0.8045065508543049, "test_fine_acc": 0.8105590062111802, "test_coarse_f1": null, "training_coarse_f1": null, "training_coarse_loss": null, "training_fine_acc": 0.8296007789678675, "training_fine_f1": 0.8291296893284484, "training_loss": 2.0428521633148193, "validation_coarse_f1": null, "validation_loss": 2.1097195148468018, "validation_coarse_loss": null, "validation_fine_f1": 0.794098423155342, "_runtime": 890, "_timestamp": 1642642471, "_step": 1190, "loss": 0.029384823516011238, "batch": 1079, "loss_fine": 0.029384823516011238, "lambda_fine": 1}