{"epoch": 119, "learning rate": 1.5625e-05, "test_fine_f1": 0.8460678935091994, "test_fine_acc": 0.8633540372670807, "test_coarse_f1": null, "training_coarse_f1": null, "training_coarse_loss": null, "training_fine_acc": 0.8023369036027264, "training_fine_f1": 0.7632604984341425, "training_loss": 2.1753416061401367, "validation_coarse_f1": null, "validation_loss": 2.219998598098755, "validation_coarse_loss": null, "validation_fine_f1": 0.8712820535121317, "_runtime": 2369, "_timestamp": 1642638781, "_step": 2142, "loss": 0.03717055544257164, "batch": 2039, "loss_fine": 0.03717055544257164, "lambda_fine": 1, "loss_layer2": 0.0, "lambda_layer2": 1, "nonzerotriplets_layer2": 1, "loss_layer4": 0.0, "lambda_layer4": 1, "nonzerotriplets_layer4": 1}