{"epoch": 199, "learning rate": 3.125e-06, "test_fine_f1": 0.8883562474067326, "test_fine_acc": 0.8788819875776398, "test_coarse_f1": null, "training_coarse_f1": null, "training_coarse_loss": null, "training_fine_acc": 0.9717624148003895, "training_fine_f1": 0.9764781671792556, "training_loss": 1.9196507930755615, "validation_coarse_f1": null, "validation_loss": 2.0084786415100098, "validation_coarse_loss": null, "validation_fine_f1": 0.9186479371532419, "_runtime": 2999, "_timestamp": 1642733294, "_step": 1194, "loss": 0.08900755643844604, "batch": 999, "loss_fine": 0.08664887398481369, "lambda_fine": 1, "loss_layer4": 0.023586837574839592, "lambda_layer4": 0.1, "nonzerotriplets_layer4": 250}