{"epoch": 119, "learning rate": 0.05, "test_fine_f1": 0.35439359456001934, "test_fine_acc": 0.38198757763975155, "test_coarse_f1": null, "training_coarse_f1": null, "training_coarse_loss": null, "training_fine_acc": 0.3456669912366115, "training_fine_f1": 0.2805238058090778, "training_loss": 2.461225748062134, "validation_coarse_f1": null, "validation_loss": 2.49703049659729, "validation_coarse_loss": null, "validation_fine_f1": 0.3916142983360412, "_runtime": 1815, "_timestamp": 1642650334, "_step": 1190, "loss": 1.693131446838379, "batch": 1079, "loss_fine": 0.005679225083440542, "lambda_fine": 1, "loss_layer2": 0.6964772343635559, "lambda_layer2": 1, "nonzerotriplets_layer2": 103, "loss_layer4": 0.9909749627113342, "lambda_layer4": 1, "nonzerotriplets_layer4": 391}