{"epoch": 119, "learning rate": 3.125e-05, "test_fine_f1": 0.8838163437025535, "test_fine_acc": 0.8757763975155279, "test_coarse_f1": null, "training_coarse_f1": null, "training_coarse_loss": null, "training_fine_acc": 0.8325219084712756, "training_fine_f1": 0.854859544637286, "training_loss": 2.0819180011749268, "validation_coarse_f1": null, "validation_loss": 2.112344741821289, "validation_coarse_loss": null, "validation_fine_f1": 0.9225560446400783, "_runtime": 1589, "_timestamp": 1642645912, "_step": 1190, "loss": 0.04640449956059456, "batch": 1079, "loss_fine": 0.027032019570469856, "lambda_fine": 1, "loss_layer2": 0.019372479990124702, "lambda_layer2": 1, "nonzerotriplets_layer2": 253, "loss_layer4": 0.0, "lambda_layer4": 1, "nonzerotriplets_layer4": 1}