{"epoch": 25, "learning rate": 0.0001, "test_fine_f1": null, "test_fine_acc": null, "test_coarse_f1": null, "training_coarse_f1": null, "training_coarse_loss": null, "training_fine_acc": 0.7201017811704835, "training_fine_f1": 0.480092095181754, "training_loss": 3.206078052520752, "validation_coarse_f1": null, "validation_loss": 3.2512686252593994, "validation_coarse_loss": null, "validation_fine_f1": 0.3555953150085597, "_runtime": 813, "_timestamp": 1643316740, "_step": 197, "loss": 1.2009297609329224, "label_histogram": {"_type": "histogram", "values": [30, 0, 10, 0, 92, 0, 18, 0, 8, 0, 0, 30, 0, 68, 0, 24, 0, 9, 0, 6, 0, 0, 8, 0, 153, 0, 51, 0, 21, 0, 19, 0, 0, 51, 0, 166, 0, 149, 0, 17, 0, 18, 0, 0, 45, 0, 19, 0, 26, 0, 15, 0, 50, 0, 0, 19, 0, 24, 0, 94, 0, 15, 0, 25], "bins": [0.0, 0.453125, 0.90625, 1.359375, 1.8125, 2.265625, 2.71875, 3.171875, 3.625, 4.078125, 4.53125, 4.984375, 5.4375, 5.890625, 6.34375, 6.796875, 7.25, 7.703125, 8.15625, 8.609375, 9.0625, 9.515625, 9.96875, 10.421875, 10.875, 11.328125, 11.78125, 12.234375, 12.6875, 13.140625, 13.59375, 14.046875, 14.5, 14.953125, 15.40625, 15.859375, 16.3125, 16.765625, 17.21875, 17.671875, 18.125, 18.578125, 19.03125, 19.484375, 19.9375, 20.390625, 20.84375, 21.296875, 21.75, 22.203125, 22.65625, 23.109375, 23.5625, 24.015625, 24.46875, 24.921875, 25.375, 25.828125, 26.28125, 26.734375, 27.1875, 27.640625, 28.09375, 28.546875, 29.0]}, "batch": 179, "loss_fine": 1.122309923171997, "lambda_fine": 1, "loss_layer2": 0.08946410566568375, "lambda_layer2": 0.1, "nonzerotriplets_layer2": 683, "loss_layer4": 0.6967346668243408, "lambda_layer4": 0.1, "nonzerotriplets_layer4": 967}