{"epoch": 29, "learning rate": 0.0001, "test_fine_f1": null, "test_fine_acc": null, "test_coarse_f1": null, "training_coarse_f1": null, "training_coarse_loss": null, "training_fine_acc": 0.9123661148977604, "training_fine_f1": 0.911455376449086, "training_loss": 2.200209140777588, "validation_coarse_f1": null, "validation_loss": 2.276387929916382, "validation_coarse_loss": null, "validation_fine_f1": 0.8295593558847716, "_runtime": 358, "_timestamp": 1643312492, "_step": 173, "loss": 0.9749398231506348, "label_histogram": {"_type": "histogram", "values": [92, 0, 0, 0, 68, 0, 0, 0, 0, 96, 0, 0, 0, 51, 0, 0, 0, 0, 51, 0, 0, 0, 96, 0, 0, 0, 0, 96, 0, 0, 0, 0, 45, 0, 0, 0, 50, 0, 0, 0, 0, 94, 0, 0, 0, 75, 0, 0, 0, 0, 58, 0, 0, 0, 43, 0, 0, 0, 0, 74, 0, 0, 0, 38], "bins": [0.0, 0.21875, 0.4375, 0.65625, 0.875, 1.09375, 1.3125, 1.53125, 1.75, 1.96875, 2.1875, 2.40625, 2.625, 2.84375, 3.0625, 3.28125, 3.5, 3.71875, 3.9375, 4.15625, 4.375, 4.59375, 4.8125, 5.03125, 5.25, 5.46875, 5.6875, 5.90625, 6.125, 6.34375, 6.5625, 6.78125, 7.0, 7.21875, 7.4375, 7.65625, 7.875, 8.09375, 8.3125, 8.53125, 8.75, 8.96875, 9.1875, 9.40625, 9.625, 9.84375, 10.0625, 10.28125, 10.5, 10.71875, 10.9375, 11.15625, 11.375, 11.59375, 11.8125, 12.03125, 12.25, 12.46875, 12.6875, 12.90625, 13.125, 13.34375, 13.5625, 13.78125, 14.0]}, "batch": 149, "loss_fine": 0.9749398231506348, "lambda_fine": 1}