{"epoch": 199, "learning rate": 1.5625e-06, "test_fine_f1": 0.850842451313576, "test_fine_acc": 0.84472049689441, "test_coarse_f1": null, "training_coarse_f1": null, "training_coarse_loss": null, "training_fine_acc": 0.928919182083739, "training_fine_f1": 0.935486276757363, "training_loss": 1.9524891376495361, "validation_coarse_f1": null, "validation_loss": 2.0479836463928223, "validation_coarse_loss": null, "validation_fine_f1": 0.8711190288566175, "_runtime": 2126, "_timestamp": 1642734507, "_step": 1194, "loss": 0.08711228519678116, "batch": 999, "loss_fine": 0.08711228519678116, "lambda_fine": 1}