{"epoch": 119, "learning rate": 1.5625e-05, "test_fine_f1": 0.8100157212196116, "test_fine_acc": 0.8167701863354038, "test_coarse_f1": null, "training_coarse_f1": null, "training_coarse_loss": null, "training_fine_acc": 0.8305744888023369, "training_fine_f1": 0.830282661144236, "training_loss": 2.0340709686279297, "validation_coarse_f1": null, "validation_loss": 2.118654489517212, "validation_coarse_loss": null, "validation_fine_f1": 0.8051011310883567, "_runtime": 900, "_timestamp": 1642643379, "_step": 1190, "loss": 0.02484966814517975, "batch": 1079, "loss_fine": 0.02484966814517975, "lambda_fine": 1}