{"epoch": 119, "learning rate": 3.125e-05, "test_fine_f1": 0.9449397310232407, "test_fine_acc": 0.9440993788819876, "test_coarse_f1": null, "training_coarse_f1": null, "training_coarse_loss": null, "training_fine_acc": 0.9863680623174295, "training_fine_f1": 0.9880998252659068, "training_loss": 1.9801679849624634, "validation_coarse_f1": null, "validation_loss": 2.0181822776794434, "validation_coarse_loss": null, "validation_fine_f1": 0.9648310571303877, "_runtime": 1705, "_timestamp": 1642661265, "_step": 1190, "loss": 0.039363835006952286, "batch": 1079, "loss_fine": 0.039363835006952286, "lambda_fine": 1, "loss_layer2": 0.0, "lambda_layer2": 1, "nonzerotriplets_layer2": 1, "loss_layer4": 0.0, "lambda_layer4": 1, "nonzerotriplets_layer4": 1}