{"epoch": 119, "learning rate": 0.0003125, "test_fine_f1": 0.4130949302222647, "test_fine_acc": 0.5279503105590062, "test_coarse_f1": null, "training_coarse_f1": null, "training_coarse_loss": null, "training_fine_acc": 0.42356377799415773, "training_fine_f1": 0.37768140126913036, "training_loss": 2.4546308517456055, "validation_coarse_f1": null, "validation_loss": 2.4812445640563965, "validation_coarse_loss": null, "validation_fine_f1": 0.46172073846424316, "_runtime": 1736, "_timestamp": 1642657411, "_step": 1190, "loss": 0.4095812439918518, "batch": 1079, "loss_fine": 0.005543256178498268, "lambda_fine": 1, "loss_layer2": 0.0, "lambda_layer2": 1, "nonzerotriplets_layer2": 1, "loss_layer4": 0.4040379822254181, "lambda_layer4": 1, "nonzerotriplets_layer4": 280}