{"epoch": 119, "learning rate": 6.25e-05, "test_fine_f1": 0.9262072841581973, "test_fine_acc": 0.9254658385093167, "test_coarse_f1": null, "training_coarse_f1": null, "training_coarse_loss": null, "training_fine_acc": 0.9143135345666992, "training_fine_f1": 0.9252115231141448, "training_loss": 2.004556894302368, "validation_coarse_f1": null, "validation_loss": 2.0500028133392334, "validation_coarse_loss": null, "validation_fine_f1": 0.9626765086765088, "_runtime": 1752, "_timestamp": 1642664770, "_step": 1190, "loss": 0.02698170579969883, "batch": 1079, "loss_fine": 0.02698170579969883, "lambda_fine": 1, "loss_layer2": 0.0, "lambda_layer2": 1, "nonzerotriplets_layer2": 1, "loss_layer4": 0.0, "lambda_layer4": 1, "nonzerotriplets_layer4": 1}