{"epoch": 119, "learning rate": 0.000125, "test_fine_f1": 0.9557388308214594, "test_fine_acc": 0.9503105590062112, "test_coarse_f1": null, "training_coarse_f1": null, "training_coarse_loss": null, "training_fine_acc": 0.9990262901655307, "training_fine_f1": 0.9989728625620077, "training_loss": 1.9333378076553345, "validation_coarse_f1": null, "validation_loss": 1.9772191047668457, "validation_coarse_loss": null, "validation_fine_f1": 0.9816711087180868, "_runtime": 1754, "_timestamp": 1642650895, "_step": 1190, "loss": 0.01020598504692316, "batch": 1079, "loss_fine": 0.01020598504692316, "lambda_fine": 1, "loss_layer2": 0.0, "lambda_layer2": 0.1, "nonzerotriplets_layer2": 1, "loss_layer4": 0.0, "lambda_layer4": 0.1, "nonzerotriplets_layer4": 1}