{"epoch": 119, "learning rate": 3.125e-05, "test_fine_f1": 0.9496755479426295, "test_fine_acc": 0.9503105590062112, "test_coarse_f1": null, "training_coarse_f1": null, "training_coarse_loss": null, "training_fine_acc": 0.8373904576436222, "training_fine_f1": 0.8408274068055597, "training_loss": 2.0171902179718018, "validation_coarse_f1": null, "validation_loss": 2.0733718872070312, "validation_coarse_loss": null, "validation_fine_f1": 0.9598781475961976, "_runtime": 1602, "_timestamp": 1642647522, "_step": 1190, "loss": 0.042293302714824677, "batch": 1079, "loss_fine": 0.019676029682159424, "lambda_fine": 1, "loss_layer2": 0.022617271170020103, "lambda_layer2": 1, "nonzerotriplets_layer2": 207, "loss_layer4": 0.0, "lambda_layer4": 1, "nonzerotriplets_layer4": 1}