{"epoch": 119, "learning rate": 3.125e-05, "test_fine_f1": 0.9368993269202099, "test_fine_acc": 0.9254658385093167, "test_coarse_f1": null, "training_coarse_f1": null, "training_coarse_loss": null, "training_fine_acc": 0.7682570593963, "training_fine_f1": 0.7158478051148208, "training_loss": 2.1386783123016357, "validation_coarse_f1": null, "validation_loss": 2.1893150806427, "validation_coarse_loss": null, "validation_fine_f1": 0.9447624598661014, "_runtime": 1695, "_timestamp": 1642641574, "_step": 1190, "loss": 0.027226293459534645, "batch": 1079, "loss_fine": 0.023462548851966858, "lambda_fine": 1, "loss_layer2": 0.0, "lambda_layer2": 1, "nonzerotriplets_layer2": 1, "loss_layer4": 0.003763743909075856, "lambda_layer4": 1, "nonzerotriplets_layer4": 21}