{"epoch": 119, "learning rate": 0.000125, "test_fine_f1": 0.9626506579142474, "test_fine_acc": 0.9596273291925466, "test_coarse_f1": null, "training_coarse_f1": null, "training_coarse_loss": null, "training_fine_acc": 1.0, "training_fine_f1": 1.0, "training_loss": 1.9056475162506104, "validation_coarse_f1": null, "validation_loss": 1.9541186094284058, "validation_coarse_loss": null, "validation_fine_f1": 0.9825537864268515, "_runtime": 1726, "_timestamp": 1642654344, "_step": 1190, "loss": 0.011088091880083084, "batch": 1079, "loss_fine": 0.010927046649158001, "lambda_fine": 1, "loss_layer2": 0.0, "lambda_layer2": 0.1, "nonzerotriplets_layer2": 1, "loss_layer4": 0.0016104512615129352, "lambda_layer4": 0.1, "nonzerotriplets_layer4": 9}