{"epoch": 119, "learning rate": 6.25e-05, "test_fine_f1": 0.9540500178391798, "test_fine_acc": 0.953416149068323, "test_coarse_f1": null, "training_coarse_f1": null, "training_coarse_loss": null, "training_fine_acc": 0.9172346640701071, "training_fine_f1": 0.9259748231015993, "training_loss": 2.0548031330108643, "validation_coarse_f1": null, "validation_loss": 2.113959550857544, "validation_coarse_loss": null, "validation_fine_f1": 0.9777440919180052, "_runtime": 1707, "_timestamp": 1642639872, "_step": 1190, "loss": 0.019245227798819542, "batch": 1079, "loss_fine": 0.019245227798819542, "lambda_fine": 1, "loss_layer2": 0.0, "lambda_layer2": 1, "nonzerotriplets_layer2": 1, "loss_layer4": 0.0, "lambda_layer4": 1, "nonzerotriplets_layer4": 1}