{"epoch": 36, "learning rate": 0.001, "test_fine_f1": null, "test_fine_acc": null, "test_coarse_f1": null, "training_coarse_f1": null, "training_coarse_loss": null, "training_fine_acc": 0.9211295034079844, "training_fine_f1": 0.9261434873316194, "training_loss": 1.934667706489563, "validation_coarse_f1": null, "validation_loss": 2.0043551921844482, "validation_coarse_loss": null, "validation_fine_f1": 0.886789786165696, "_runtime": 397, "_timestamp": 1642730157, "_step": 215, "loss": 0.04065154865384102, "batch": 184, "loss_fine": 0.04065154865384102, "lambda_fine": 1}