{"epoch": 199, "learning rate": 3.125e-06, "test_fine_f1": 0.9309163566370435, "test_fine_acc": 0.9254658385093167, "test_coarse_f1": null, "training_coarse_f1": null, "training_coarse_loss": null, "training_fine_acc": 0.997078870496592, "training_fine_f1": 0.9976172956305407, "training_loss": 1.8850550651550293, "validation_coarse_f1": null, "validation_loss": 1.9791839122772217, "validation_coarse_loss": null, "validation_fine_f1": 0.9352273028406912, "_runtime": 3122, "_timestamp": 1642739753, "_step": 1194, "loss": 0.05771012231707573, "batch": 999, "loss_fine": 0.05532770976424217, "lambda_fine": 1, "loss_layer2": 0.0, "lambda_layer2": 0.1, "nonzerotriplets_layer2": 1, "loss_layer4": 0.02382412925362587, "lambda_layer4": 0.1, "nonzerotriplets_layer4": 219}