{"epoch": 119, "learning rate": 0.0001, "test_fine_f1": 0.9509611671648208, "test_fine_acc": 0.9472049689440993, "test_coarse_f1": null, "training_coarse_f1": null, "training_coarse_loss": null, "training_fine_acc": 1.0, "training_fine_f1": 1.0, "training_loss": 1.9646167755126953, "validation_coarse_f1": null, "validation_loss": 2.031416416168213, "validation_coarse_loss": null, "validation_fine_f1": 0.967903854197972, "_runtime": 1821, "_timestamp": 1642664589, "_step": 1190, "loss": 0.09318728744983673, "batch": 1079, "loss_fine": 0.08607112616300583, "lambda_fine": 1, "loss_layer2": 0.0, "lambda_layer2": 1, "nonzerotriplets_layer2": 1, "loss_layer4": 0.007116162683814764, "lambda_layer4": 1, "nonzerotriplets_layer4": 243}