{"epoch": 119, "learning rate": 5e-05, "test_fine_f1": 0.9600834478108198, "test_fine_acc": 0.9565217391304348, "test_coarse_f1": null, "training_coarse_f1": null, "training_coarse_loss": null, "training_fine_acc": 1.0, "training_fine_f1": 1.0, "training_loss": 1.9608922004699707, "validation_coarse_f1": null, "validation_loss": 2.018479585647583, "validation_coarse_loss": null, "validation_fine_f1": 0.9703745040263, "_runtime": 1785, "_timestamp": 1642660951, "_step": 1190, "loss": 0.1308179348707199, "batch": 1079, "loss_fine": 0.11096183210611343, "lambda_fine": 1, "loss_layer2": 0.0, "lambda_layer2": 1, "nonzerotriplets_layer2": 1, "loss_layer4": 0.019856106489896774, "lambda_layer4": 1, "nonzerotriplets_layer4": 103}