{"epoch": 199, "learning rate": 2.5e-05, "test_fine_f1": 0.9342206992328275, "test_fine_acc": 0.9285714285714286, "test_coarse_f1": null, "training_coarse_f1": null, "training_coarse_loss": null, "training_fine_acc": 0.9980525803310614, "training_fine_f1": 0.9984093567251462, "training_loss": 1.8740867376327515, "validation_coarse_f1": null, "validation_loss": 1.9670588970184326, "validation_coarse_loss": null, "validation_fine_f1": 0.9527392995560698, "_runtime": 2801, "_timestamp": 1642738966, "_step": 1194, "loss": 0.04843320697546005, "batch": 999, "loss_fine": 0.04389005899429321, "lambda_fine": 1, "loss_layer4": 0.045431479811668396, "lambda_layer4": 0.1, "nonzerotriplets_layer4": 229}