{"epoch": 119, "learning rate": 0.00015625, "test_fine_f1": 0.4524414516454441, "test_fine_acc": 0.5062111801242236, "test_coarse_f1": null, "training_coarse_f1": null, "training_coarse_loss": null, "training_fine_acc": 0.3670886075949367, "training_fine_f1": 0.28417328862577546, "training_loss": 2.43109393119812, "validation_coarse_f1": null, "validation_loss": 2.4536988735198975, "validation_coarse_loss": null, "validation_fine_f1": 0.4798306589580324, "_runtime": 1750, "_timestamp": 1642655666, "_step": 1190, "loss": 0.38815391063690186, "batch": 1079, "loss_fine": 0.006136709358543158, "lambda_fine": 1, "loss_layer2": 0.0, "lambda_layer2": 1, "nonzerotriplets_layer2": 1, "loss_layer4": 0.38201719522476196, "lambda_layer4": 1, "nonzerotriplets_layer4": 345}