{"epoch": 26, "learning rate": 0.001, "test_fine_f1": null, "test_fine_acc": null, "test_coarse_f1": null, "training_coarse_f1": null, "training_coarse_loss": null, "training_fine_acc": 0.9182083739045764, "training_fine_f1": 0.9238051869337152, "training_loss": 1.9534924030303955, "validation_coarse_f1": null, "validation_loss": 2.007418394088745, "validation_coarse_loss": null, "validation_fine_f1": 0.8773705728240557, "_runtime": 404, "_timestamp": 1642730155, "_step": 152, "loss": 0.07849209755659103, "batch": 131, "loss_fine": 0.021510159596800804, "lambda_fine": 1, "loss_layer2": 0.16323161125183105, "lambda_layer2": 0.1, "nonzerotriplets_layer2": 2, "loss_layer4": 0.40658774971961975, "lambda_layer4": 0.1, "nonzerotriplets_layer4": 420}