{"epoch": 299, "learning rate": 3.90625e-07, "test_fine_f1": 0.5736851535401777, "test_fine_acc": 0.7479674796747967, "test_coarse_f1": null, "training_coarse_f1": null, "training_coarse_loss": null, "training_fine_acc": 0.9211195928753181, "training_fine_f1": 0.847803525065621, "training_loss": 2.860762119293213, "validation_coarse_f1": null, "validation_loss": 2.9867563247680664, "validation_coarse_loss": null, "validation_fine_f1": 0.6613397821431243, "_runtime": 3844, "_timestamp": 1643349616, "_step": 2691, "loss": 0.039880022406578064, "batch": 2099, "loss_fine": 0.039880022406578064, "lambda_fine": 1, "data_balance_histogram": {"_type": "histogram", "values": [30, 10, 0, 92, 0, 18, 0, 8, 0, 30, 0, 68, 0, 24, 0, 9, 6, 0, 8, 0, 153, 0, 51, 0, 21, 0, 19, 0, 51, 0, 166, 0, 149, 17, 0, 18, 0, 45, 0, 19, 0, 26, 0, 15, 0, 50, 0, 19, 24, 0, 94, 0, 15, 0, 75, 0, 58, 0, 30, 0, 43, 0, 74, 37], "bins": [0.0, 0.53125, 1.0625, 1.59375, 2.125, 2.65625, 3.1875, 3.71875, 4.25, 4.78125, 5.3125, 5.84375, 6.375, 6.90625, 7.4375, 7.96875, 8.5, 9.03125, 9.5625, 10.09375, 10.625, 11.15625, 11.6875, 12.21875, 12.75, 13.28125, 13.8125, 14.34375, 14.875, 15.40625, 15.9375, 16.46875, 17.0, 17.53125, 18.0625, 18.59375, 19.125, 19.65625, 20.1875, 20.71875, 21.25, 21.78125, 22.3125, 22.84375, 23.375, 23.90625, 24.4375, 24.96875, 25.5, 26.03125, 26.5625, 27.09375, 27.625, 28.15625, 28.6875, 29.21875, 29.75, 30.28125, 30.8125, 31.34375, 31.875, 32.40625, 32.9375, 33.46875, 34.0]}}