{"epoch": 119, "learning rate": 0.025, "test_fine_f1": 0.45057553722950383, "test_fine_acc": 0.4751552795031056, "test_coarse_f1": null, "training_coarse_f1": null, "training_coarse_loss": null, "training_fine_acc": 0.4907497565725414, "training_fine_f1": 0.48312763181271984, "training_loss": 2.331343412399292, "validation_coarse_f1": null, "validation_loss": 2.3874480724334717, "validation_coarse_loss": null, "validation_fine_f1": 0.4585351263156292, "_runtime": 1771, "_timestamp": 1642653908, "_step": 1190, "loss": 0.29899469017982483, "batch": 1079, "loss_fine": 0.004577001091092825, "lambda_fine": 1, "loss_layer2": 0.0, "lambda_layer2": 1, "nonzerotriplets_layer2": 1, "loss_layer4": 0.29441767930984497, "lambda_layer4": 1, "nonzerotriplets_layer4": 402}