{"epoch": 119, "learning rate": 1.5625e-05, "test_fine_f1": 0.8650438881926844, "test_fine_acc": 0.8850931677018633, "test_coarse_f1": null, "training_coarse_f1": null, "training_coarse_loss": null, "training_fine_acc": 0.8568646543330087, "training_fine_f1": 0.8204404444640522, "training_loss": 2.13161301612854, "validation_coarse_f1": null, "validation_loss": 2.1658451557159424, "validation_coarse_loss": null, "validation_fine_f1": 0.8431210859539253, "_runtime": 2368, "_timestamp": 1642641156, "_step": 2142, "loss": 0.03808634728193283, "batch": 2039, "loss_fine": 0.03808634728193283, "lambda_fine": 1, "loss_layer2": 0.0, "lambda_layer2": 1, "nonzerotriplets_layer2": 1, "loss_layer4": 0.0, "lambda_layer4": 1, "nonzerotriplets_layer4": 1}