{"epoch": 119, "learning rate": 0.001, "test_fine_f1": 0.9507767681936823, "test_fine_acc": 0.9472049689440993, "test_coarse_f1": null, "training_coarse_f1": null, "training_coarse_loss": null, "training_fine_acc": 1.0, "training_fine_f1": 1.0, "training_loss": 1.8812751770019531, "validation_coarse_f1": null, "validation_loss": 1.946056842803955, "validation_coarse_loss": null, "validation_fine_f1": 0.9596816740739207, "_runtime": 1736, "_timestamp": 1642659551, "_step": 1190, "loss": 0.005717778578400612, "batch": 1079, "loss_fine": 0.005588313098996878, "lambda_fine": 1, "loss_layer2": 0.0, "lambda_layer2": 0.01, "nonzerotriplets_layer2": 1, "loss_layer4": 0.012946558184921741, "lambda_layer4": 0.01, "nonzerotriplets_layer4": 238}