{"epoch": 199, "learning rate": 5e-05, "test_fine_f1": 0.9351341277657068, "test_fine_acc": 0.9316770186335404, "test_coarse_f1": null, "training_coarse_f1": null, "training_coarse_loss": null, "training_fine_acc": 0.9961051606621227, "training_fine_f1": 0.9968271743187757, "training_loss": 1.8589627742767334, "validation_coarse_f1": null, "validation_loss": 1.9298304319381714, "validation_coarse_loss": null, "validation_fine_f1": 0.9607815487964674, "_runtime": 3243, "_timestamp": 1642733529, "_step": 1194, "loss": 0.027129823341965675, "batch": 999, "loss_fine": 0.02510111592710018, "lambda_fine": 1, "loss_layer2": 0.0, "lambda_layer2": 0.1, "nonzerotriplets_layer2": 1, "loss_layer4": 0.020287081599235535, "lambda_layer4": 0.1, "nonzerotriplets_layer4": 258}