{"epoch": 119, "learning rate": 0.0005, "test_fine_f1": 0.9502059455892127, "test_fine_acc": 0.9472049689440993, "test_coarse_f1": null, "training_coarse_f1": null, "training_coarse_loss": null, "training_fine_acc": 1.0, "training_fine_f1": 1.0, "training_loss": 1.885568380355835, "validation_coarse_f1": null, "validation_loss": 1.9466949701309204, "validation_coarse_loss": null, "validation_fine_f1": 0.9605427379189664, "_runtime": 1730, "_timestamp": 1642657807, "_step": 1190, "loss": 0.00543375825509429, "batch": 1079, "loss_fine": 0.005324486177414656, "lambda_fine": 1, "loss_layer2": 0.0, "lambda_layer2": 0.01, "nonzerotriplets_layer2": 1, "loss_layer4": 0.010927202180027962, "lambda_layer4": 0.01, "nonzerotriplets_layer4": 146}