{"epoch": 199, "learning rate": 3.125e-06, "test_fine_f1": 0.8811815684426383, "test_fine_acc": 0.8726708074534162, "test_coarse_f1": null, "training_coarse_f1": null, "training_coarse_loss": null, "training_fine_acc": 0.9464459591041869, "training_fine_f1": 0.9530236176306868, "training_loss": 1.932775616645813, "validation_coarse_f1": null, "validation_loss": 2.027073621749878, "validation_coarse_loss": null, "validation_fine_f1": 0.8824660277586603, "_runtime": 2127, "_timestamp": 1642736643, "_step": 1194, "loss": 0.07310590147972107, "batch": 999, "loss_fine": 0.07310590147972107, "lambda_fine": 1}