{"epoch": 119, "learning rate": 0.00025, "test_fine_f1": 0.9665989479676288, "test_fine_acc": 0.9658385093167702, "test_coarse_f1": null, "training_coarse_f1": null, "training_coarse_loss": null, "training_fine_acc": 0.9951314508276533, "training_fine_f1": 0.9959418819522446, "training_loss": 1.8612232208251953, "validation_coarse_f1": null, "validation_loss": 1.9172356128692627, "validation_coarse_loss": null, "validation_fine_f1": 0.9804816226066788, "_runtime": 1625, "_timestamp": 1642646878, "_step": 595, "loss": 0.019963881000876427, "batch": 479, "loss_fine": 0.011972405947744846, "lambda_fine": 1, "loss_layer2": 0.0, "lambda_layer2": 1, "nonzerotriplets_layer2": 1, "loss_layer4": 0.00799147505313158, "lambda_layer4": 1, "nonzerotriplets_layer4": 147}