{"epoch": 3, "learning rate": 0.0001, "test_fine_f1": null, "test_fine_acc": null, "test_coarse_f1": null, "training_coarse_f1": null, "training_coarse_loss": null, "training_fine_acc": 0.02480916030534351, "training_fine_f1": 0.006269627922724787, "training_loss": 3.554032802581787, "validation_coarse_f1": null, "validation_loss": 3.5546512603759766, "validation_coarse_loss": null, "validation_fine_f1": 0.01093538387525578, "_runtime": 89, "_timestamp": 1643315647, "_step": 18, "loss": 3.9616947174072266, "label_histogram": {"_type": "histogram", "values": [30, 0, 0, 0, 10, 0, 0, 0, 0, 92, 0, 0, 0, 0, 18, 0, 0, 0, 0, 8, 0, 0, 0, 0, 30, 0, 0, 0, 0, 68, 0, 0, 0, 0, 24, 0, 0, 0, 0, 9, 0, 0, 0, 0, 6, 0, 0, 0, 0, 8, 0, 0, 0, 0, 153, 0, 0, 0, 0, 51, 0, 0, 0, 5], "bins": [0.0, 0.203125, 0.40625, 0.609375, 0.8125, 1.015625, 1.21875, 1.421875, 1.625, 1.828125, 2.03125, 2.234375, 2.4375, 2.640625, 2.84375, 3.046875, 3.25, 3.453125, 3.65625, 3.859375, 4.0625, 4.265625, 4.46875, 4.671875, 4.875, 5.078125, 5.28125, 5.484375, 5.6875, 5.890625, 6.09375, 6.296875, 6.5, 6.703125, 6.90625, 7.109375, 7.3125, 7.515625, 7.71875, 7.921875, 8.125, 8.328125, 8.53125, 8.734375, 8.9375, 9.140625, 9.34375, 9.546875, 9.75, 9.953125, 10.15625, 10.359375, 10.5625, 10.765625, 10.96875, 11.171875, 11.375, 11.578125, 11.78125, 11.984375, 12.1875, 12.390625, 12.59375, 12.796875, 13.0]}, "batch": 22, "loss_fine": 3.7061679363250732, "lambda_fine": 1, "loss_layer2": 1.3954938650131226, "lambda_layer2": 0.1, "nonzerotriplets_layer2": 19388, "loss_layer4": 1.1597734689712524, "lambda_layer4": 0.1, "nonzerotriplets_layer4": 967}