{"epoch": 2, "learning rate": 0.001, "test_fine_f1": null, "test_fine_acc": null, "test_coarse_f1": null, "training_coarse_f1": null, "training_coarse_loss": null, "training_fine_acc": 0.08081791626095423, "training_fine_f1": 0.043031960272988896, "training_loss": 2.704401969909668, "validation_coarse_f1": null, "validation_loss": 2.7040960788726807, "validation_coarse_loss": null, "validation_fine_f1": 0.05689270352015449, "_runtime": 39, "_timestamp": 1642730158, "_step": 11, "loss": 2.541503667831421, "batch": 14, "loss_fine": 2.4220545291900635, "lambda_fine": 1, "loss_layer4": 1.1944907903671265, "lambda_layer4": 0.1, "nonzerotriplets_layer4": 420}