{"epoch": 119, "learning rate": 0.00025, "test_fine_f1": 0.9618432568547892, "test_fine_acc": 0.9596273291925466, "test_coarse_f1": null, "training_coarse_f1": null, "training_coarse_loss": null, "training_fine_acc": 0.9113924050632911, "training_fine_f1": 0.9030043723845448, "training_loss": 1.9982613325119019, "validation_coarse_f1": null, "validation_loss": 2.0467121601104736, "validation_coarse_loss": null, "validation_fine_f1": 0.988868957293774, "_runtime": 1707, "_timestamp": 1642652611, "_step": 1190, "loss": 0.009684227406978607, "batch": 1079, "loss_fine": 0.008502834476530552, "lambda_fine": 1, "loss_layer2": 0.0, "lambda_layer2": 0.1, "nonzerotriplets_layer2": 1, "loss_layer4": 0.011813926510512829, "lambda_layer4": 0.1, "nonzerotriplets_layer4": 124}