{"epoch": 299, "learning rate": 1.220703125e-08, "test_fine_f1": 0.8155093476499379, "test_fine_acc": 0.9085365853658537, "test_coarse_f1": null, "training_coarse_f1": null, "training_coarse_loss": null, "training_fine_acc": 1.0, "training_fine_f1": 1.0, "training_loss": 2.607348918914795, "validation_coarse_f1": null, "validation_loss": 2.7316958904266357, "validation_coarse_loss": null, "validation_fine_f1": 0.8475920176270997, "_runtime": 8949, "_timestamp": 1643397831, "_step": 2691, "loss": 0.019206330180168152, "batch": 2099, "loss_fine": 0.01610613241791725, "lambda_fine": 1, "loss_layer2": 0.0, "lambda_layer2": 0.1, "nonzerotriplets_layer2": 1, "loss_layer4": 0.031001977622509003, "lambda_layer4": 0.1, "nonzerotriplets_layer4": 967, "data_balance_histogram": {"_type": "histogram", "values": [51, 55, 0, 50, 0, 51, 0, 44, 0, 42, 0, 38, 0, 42, 0, 47, 44, 0, 32, 0, 53, 0, 36, 0, 34, 0, 51, 0, 50, 0, 44, 0, 50, 54, 0, 52, 0, 54, 0, 38, 0, 47, 0, 38, 0, 45, 0, 44, 38, 0, 50, 0, 45, 0, 42, 0, 45, 0, 38, 0, 35, 0, 53, 40], "bins": [0.0, 0.53125, 1.0625, 1.59375, 2.125, 2.65625, 3.1875, 3.71875, 4.25, 4.78125, 5.3125, 5.84375, 6.375, 6.90625, 7.4375, 7.96875, 8.5, 9.03125, 9.5625, 10.09375, 10.625, 11.15625, 11.6875, 12.21875, 12.75, 13.28125, 13.8125, 14.34375, 14.875, 15.40625, 15.9375, 16.46875, 17.0, 17.53125, 18.0625, 18.59375, 19.125, 19.65625, 20.1875, 20.71875, 21.25, 21.78125, 22.3125, 22.84375, 23.375, 23.90625, 24.4375, 24.96875, 25.5, 26.03125, 26.5625, 27.09375, 27.625, 28.15625, 28.6875, 29.21875, 29.75, 30.28125, 30.8125, 31.34375, 31.875, 32.40625, 32.9375, 33.46875, 34.0]}}