{"epoch": 119, "learning rate": 0.0003125, "test_fine_f1": 0.46565922509466345, "test_fine_acc": 0.546583850931677, "test_coarse_f1": null, "training_coarse_f1": null, "training_coarse_loss": null, "training_fine_acc": 0.40993184031158714, "training_fine_f1": 0.325358606039625, "training_loss": 2.4463858604431152, "validation_coarse_f1": null, "validation_loss": 2.479375123977661, "validation_coarse_loss": null, "validation_fine_f1": 0.4513610736263928, "_runtime": 1738, "_timestamp": 1642659158, "_step": 1190, "loss": 0.5559753179550171, "batch": 1079, "loss_fine": 0.004454324021935463, "lambda_fine": 1, "loss_layer2": 0.0, "lambda_layer2": 1, "nonzerotriplets_layer2": 1, "loss_layer4": 0.5515210032463074, "lambda_layer4": 1, "nonzerotriplets_layer4": 247}