{"epoch": 293, "learning rate": 1.220703125e-08, "test_fine_f1": null, "test_fine_acc": null, "test_coarse_f1": null, "training_coarse_f1": null, "training_coarse_loss": null, "training_fine_acc": 1.0, "training_fine_f1": 1.0, "training_loss": 2.611326217651367, "validation_coarse_f1": null, "validation_loss": 2.74324893951416, "validation_coarse_loss": null, "validation_fine_f1": 0.8423579658850324, "_runtime": 8785, "_timestamp": 1643406627, "_step": 2637, "loss": 0.022671138867735863, "batch": 2057, "loss_fine": 0.012479177676141262, "lambda_fine": 1, "loss_layer2": 0.0, "lambda_layer2": 0.1, "nonzerotriplets_layer2": 1, "loss_layer4": 0.10191960632801056, "lambda_layer4": 0.1, "nonzerotriplets_layer4": 967, "data_balance_histogram": {"_type": "histogram", "values": [52, 47, 0, 40, 0, 67, 0, 43, 0, 35, 0, 47, 0, 38, 0, 44, 49, 0, 39, 0, 48, 0, 41, 0, 38, 0, 39, 0, 44, 0, 56, 0, 45, 32, 0, 39, 0, 46, 0, 50, 0, 45, 0, 42, 0, 48, 0, 41, 37, 0, 51, 0, 46, 0, 35, 0, 46, 0, 52, 0, 44, 0, 56, 50], "bins": [0.0, 0.53125, 1.0625, 1.59375, 2.125, 2.65625, 3.1875, 3.71875, 4.25, 4.78125, 5.3125, 5.84375, 6.375, 6.90625, 7.4375, 7.96875, 8.5, 9.03125, 9.5625, 10.09375, 10.625, 11.15625, 11.6875, 12.21875, 12.75, 13.28125, 13.8125, 14.34375, 14.875, 15.40625, 15.9375, 16.46875, 17.0, 17.53125, 18.0625, 18.59375, 19.125, 19.65625, 20.1875, 20.71875, 21.25, 21.78125, 22.3125, 22.84375, 23.375, 23.90625, 24.4375, 24.96875, 25.5, 26.03125, 26.5625, 27.09375, 27.625, 28.15625, 28.6875, 29.21875, 29.75, 30.28125, 30.8125, 31.34375, 31.875, 32.40625, 32.9375, 33.46875, 34.0]}}