{"epoch": 119, "learning rate": 6.25e-05, "test_fine_f1": 0.9451183846700932, "test_fine_acc": 0.9409937888198758, "test_coarse_f1": null, "training_coarse_f1": null, "training_coarse_loss": null, "training_fine_acc": 0.857838364167478, "training_fine_f1": 0.8632532012241002, "training_loss": 2.0848324298858643, "validation_coarse_f1": null, "validation_loss": 2.1321401596069336, "validation_coarse_loss": null, "validation_fine_f1": 0.9622070618270887, "_runtime": 1688, "_timestamp": 1642638156, "_step": 1190, "loss": 0.12073257565498352, "batch": 1079, "loss_fine": 0.0315748006105423, "lambda_fine": 1, "loss_layer2": 0.0, "lambda_layer2": 1, "nonzerotriplets_layer2": 1, "loss_layer4": 0.08915777504444122, "lambda_layer4": 1, "nonzerotriplets_layer4": 33}