{"epoch": 119, "learning rate": 0.000125, "test_fine_f1": 0.9383004417757961, "test_fine_acc": 0.9409937888198758, "test_coarse_f1": null, "training_coarse_f1": null, "training_coarse_loss": null, "training_fine_acc": 1.0, "training_fine_f1": 1.0, "training_loss": 2.0377280712127686, "validation_coarse_f1": null, "validation_loss": 2.1065011024475098, "validation_coarse_loss": null, "validation_fine_f1": 0.9817085755566741, "_runtime": 1603, "_timestamp": 1642649133, "_step": 1190, "loss": 0.07735016196966171, "batch": 1079, "loss_fine": 0.029080405831336975, "lambda_fine": 1, "loss_layer2": 0.027473000809550285, "lambda_layer2": 1, "nonzerotriplets_layer2": 322, "loss_layer4": 0.020796751603484154, "lambda_layer4": 1, "nonzerotriplets_layer4": 35}