{"epoch": 119, "learning rate": 1.5625e-05, "test_fine_f1": 0.9186197902946746, "test_fine_acc": 0.922360248447205, "test_coarse_f1": null, "training_coarse_f1": null, "training_coarse_loss": null, "training_fine_acc": 0.9259980525803311, "training_fine_f1": 0.9274289820131728, "training_loss": 2.002295732498169, "validation_coarse_f1": null, "validation_loss": 2.054335832595825, "validation_coarse_loss": null, "validation_fine_f1": 0.9344245050743397, "_runtime": 1737, "_timestamp": 1642663010, "_step": 1190, "loss": 0.03215528279542923, "batch": 1079, "loss_fine": 0.03215528279542923, "lambda_fine": 1, "loss_layer2": 0.0, "lambda_layer2": 1, "nonzerotriplets_layer2": 1, "loss_layer4": 0.0, "lambda_layer4": 1, "nonzerotriplets_layer4": 1}